Product,Name,Price,Size,Weight,Retail
Antitranspirante Rexona men motion sense v8 en aerosol para caballero 90 g,$39.00,90,g,Walmart
Antitranspirante Rexona Motion Sense antibacterial protection en aerosol para caballero 90 g,$47.00,90,g,Walmart
Antitranspirante Rexona Motion Sense antibacterial + invisible en aerosol para caballero 90 g,$39.00,90,g,Walmart
Antitranspirante Rexona Motion Sense invisible en aerosol para caballero 90 g,$47.00,90,g,Walmart
Antitranspirante Rexona Motion Sense active dry en aerosol para caballero 90 g,$47.00,90,g,Walmart
Antitranspirante Rexona Motion Sense sport intense en aerosol para caballero 90 g,$47.00,90,g,Walmart
Antitranspirante Rexona Motion Sense stay fresh forest en aerosol para caballero 90 g,$47.00,90,g,Walmart
Antitranspirante Rexona Motion Sense stay fresh xtra cool en aerosol para caballero 90 g,$47.00,90,g,Walmart
Antitranspirante Rexona Motion Sense stay fresh marine en aerosol para caballero 90 g,$47.00,90,g,Walmart
Antitranspirante Rexona Clinical clean en crema para caballero 48 g,$72.00,48,g,Walmart
Antitranspirante Rexona Clinical sport strength en crema para caballero 48 g,$72.00,48,g,Walmart
Antitranspirante Rexona clinical expert en aerosol para caballero 150 ml,$73.00,150,ml,Walmart
Antitranspirante Rexona clinical expert clean en aerosol para caballero 150 ml,$73.00,150,ml,Walmart
Antitranspirante Rexona pH + clinic citrus en barra para caballero 45 g,$66.00,45,g,Walmart
Antitranspirante Rexona pH + clinic artic en barra para caballero 45 g,$66.00,45,g,Walmart
